"purchase_id","alias","created_at","purchase_date"
"40151","c29e539d-e9b6-4265-ac19-0c3cc7341e0f","2019-09-02 00:01:32.046769+06","2019-09-01 06:00:00+06"
"40152","d36b036e-421b-4bc3-a94c-b7a658fef4ab","2019-09-02 01:50:24.989978+06","2019-09-02 06:00:00+06"
"40153","96979372-d8a9-4a91-8819-1f400637f3b6","2019-09-02 04:22:24.92221+06","2019-09-02 06:00:00+06"
"40154","42ec72e4-561e-4915-9689-87ef8151bfb1","2019-09-02 04:24:21.866671+06","2019-09-02 06:00:00+06"
"40155","2788595e-533a-4f10-9ab0-c38679a74a68","2019-09-02 04:26:18.875025+06","2019-09-02 06:00:00+06"
"40156","a496859d-b430-46e5-95f8-770eb8ee9760","2019-09-02 04:27:35.440105+06","2019-09-02 06:00:00+06"
"40157","060d754d-e3d3-4028-922e-8dcdda6a8171","2019-09-02 04:33:12.074629+06","2019-09-02 06:00:00+06"
"40158","d2e30407-a45e-4cee-80e3-da1fb2a08df1","2019-09-02 04:35:52.35116+06","2019-09-02 06:00:00+06"
"40159","07b13c66-48f2-488d-8999-f298830ca6c6","2019-09-02 04:37:28.115961+06","2019-09-02 06:00:00+06"
"40160","b5e1d558-cbc6-40ad-90b0-833918baba50","2019-09-02 04:44:07.458871+06","2019-09-02 06:00:00+06"
"40161","4598f094-ce2e-418c-94b5-804957cdb8e5","2019-09-02 04:46:10.361339+06","2019-09-02 06:00:00+06"
"40162","6054c5dc-479e-4ac7-b112-4f61d7769283","2019-09-02 04:54:39.28739+06","2019-09-02 06:00:00+06"
"40163","d4116885-5af5-4bb5-8fa8-aeebe7d5bc0b","2019-09-02 04:58:16.704524+06","2019-09-02 06:00:00+06"
"40164","d467561e-8f18-4659-a4b9-23f141237ae3","2019-09-02 04:59:51.719838+06","2019-09-02 06:00:00+06"
"40165","fee18442-6b95-4c58-af46-fc2c3afcbfd9","2019-09-02 05:01:04.9798+06","2019-09-02 06:00:00+06"
"40166","b27122e2-f64d-4bf0-82aa-4c5cd01216ee","2019-09-02 05:09:44.435995+06","2019-09-02 06:00:00+06"
"40167","86eb038b-9e3b-49ca-9767-c02060b2daed","2019-09-02 08:01:38.956971+06","2019-09-02 06:00:00+06"
"40168","c8052577-5a17-4cf9-844b-bd7ef096f1da","2019-09-02 09:32:20.206417+06","2019-09-02 06:00:00+06"
"40169","9e9aa627-d7c3-4f18-bb93-e6f754b5eb7b","2019-09-02 09:43:41.056701+06","2019-09-02 06:00:00+06"
"40170","7562f851-eb0a-4651-9a1d-f4580bd617dc","2019-09-02 09:44:51.596198+06","2019-08-29 06:00:00+06"
"40171","6b8b7ec7-7e30-4ca1-9917-2e7d1992cf86","2019-09-02 09:46:21.377531+06","2019-08-04 06:00:00+06"
"40172","b8937531-3f45-4147-9615-432b2630a681","2019-09-02 09:46:43.345183+06","2019-09-01 06:00:00+06"
"40173","126bb4f7-5e23-4d2b-9135-4e90bd4621bd","2019-09-02 09:49:29.039876+06","2019-08-27 06:00:00+06"
"40174","075b2f43-c96e-40a3-a235-ffa9d2be1689","2019-09-02 09:49:45.040558+06","2019-08-31 06:00:00+06"
"40175","4a532465-ba62-43a1-8774-52363c0f1607","2019-09-02 10:08:23.741507+06","2019-08-26 06:00:00+06"
"40176","8d605d98-bd6b-4b35-8622-0e248eea2e9f","2019-09-02 10:13:17.032222+06","2019-09-02 06:00:00+06"
"40177","b1d2f4de-7c15-4f18-9296-a254a8790013","2019-09-02 10:16:13.988159+06","2019-08-26 06:00:00+06"
"40178","deac87d3-c063-42bd-aeda-09b62a72f868","2019-09-02 10:20:45.329879+06","2019-09-02 06:00:00+06"
"40179","3d9169cb-4341-495d-925d-73fce673d8b5","2019-09-02 10:49:55.018678+06","2019-08-26 06:00:00+06"
"40180","1dfbf7cd-85a5-44e2-aa2d-fa0e9143b79a","2019-09-02 10:59:45.212046+06","2019-08-26 06:00:00+06"
"40181","76b7f2f8-440d-4115-a008-6766133ae55c","2019-09-02 11:06:53.704643+06","2019-09-01 06:00:00+06"
"40182","8792d99a-46ca-4d3c-b633-ed95d04662ef","2019-09-02 11:12:40.840656+06","2019-08-26 06:00:00+06"
"40183","9e48405f-51bf-44da-a481-852f92fb8191","2019-09-02 11:22:10.495559+06","2019-09-02 06:00:00+06"
"40184","96aee367-51ce-424f-b848-33d31c5b16f1","2019-09-02 11:22:37.708829+06","2019-09-02 06:00:00+06"
"40185","8b959e67-9bd0-45ed-93b3-310a0a603d48","2019-09-02 11:22:55.712227+06","2019-08-26 06:00:00+06"
"40186","56aa97ea-1817-4993-ba20-6393571e8f1c","2019-09-02 11:23:12.644593+06","2019-09-02 06:00:00+06"
"40187","de3c92af-2a68-4e43-97b9-2320a522a99e","2019-09-02 11:24:53.261361+06","2019-09-02 06:00:00+06"
"40188","306742a5-c61c-4c39-8f97-91fd384aa051","2019-09-02 11:36:59.341429+06","2019-09-02 06:00:00+06"
"40189","30fff6de-d2c8-47b2-8f3c-e7a4156b6a0f","2019-09-02 11:38:05.208307+06","2019-08-26 06:00:00+06"
"40190","26b1f2e2-f8a8-48f8-af6a-95696b3ddea0","2019-09-02 11:41:27.097514+06","2019-08-26 06:00:00+06"
"40191","6df7ac68-56d9-411f-b2d1-a1bd0242255e","2019-09-02 11:41:39.478991+06","2019-09-02 06:00:00+06"
"40192","ab6c61bf-1dc3-44c9-849f-88d92b587ffc","2019-09-02 11:46:19.226574+06","2019-09-02 06:00:00+06"
"40193","e5c382ef-1cb7-4ea5-93b4-34ee8b510c3b","2019-09-02 11:52:19.275031+06","2019-09-02 06:00:00+06"
"40194","d92026af-6d28-4532-8a46-b9c4e40299ae","2019-09-02 11:53:17.080549+06","2019-08-26 06:00:00+06"
"40195","c68d91d4-3edc-4494-a099-598afcea853b","2019-09-02 11:56:04.96914+06","2019-09-02 06:00:00+06"
"40196","bc70c215-0205-4f14-843c-432b93ce3154","2019-09-02 11:58:25.15432+06","2019-09-02 06:00:00+06"
"40197","d0db7e7c-9bcc-4006-8f04-e46c363cc21f","2019-09-02 11:58:48.005248+06","2019-09-02 06:00:00+06"
"40198","a107bff6-365e-435d-a23a-8b95f6a95ccc","2019-09-02 12:02:22.851403+06","2019-09-02 06:00:00+06"
"40199","1ddc6631-8be6-448d-9157-1e6fe2e13cec","2019-09-02 12:05:35.07115+06","2019-08-26 06:00:00+06"
"40200","7ef88983-6aee-47d5-a83b-d26d9336eaf0","2019-09-02 12:06:45.39671+06","2019-09-02 06:00:00+06"
"40201","d45c7bc8-b694-4e9e-bbb9-902f89de2230","2019-09-02 12:07:03.5435+06","2019-09-02 06:00:00+06"
"40202","cc3271d6-7256-405b-9894-6808a13190b2","2019-09-02 12:08:53.174523+06","2019-09-02 06:00:00+06"
"40203","45a6f3bb-c41b-4f76-879b-12dd959a3733","2019-09-02 12:12:24.543333+06","2019-08-26 06:00:00+06"
"40204","ce03b362-398c-40c9-a671-89b28eecf8cb","2019-09-02 12:16:54.207048+06","2019-09-02 06:00:00+06"
"40205","25a6683d-c05d-425c-80ab-8cea9c94f894","2019-09-02 12:25:41.843913+06","2019-09-02 06:00:00+06"
"40206","6eb9ea0f-2e3c-4e6b-bcdf-ef1c05f28749","2019-09-02 12:28:28.062627+06","2019-09-02 06:00:00+06"
"40207","721d0d26-6816-4840-ba3b-6d8dbe1bbe73","2019-09-02 12:31:19.81205+06","2019-08-28 06:00:00+06"
"40208","ecb83d8f-56dd-47a2-bb5b-1fe376baf113","2019-09-02 12:32:37.11746+06","2019-09-02 06:00:00+06"
"40209","a02fcc4d-a6ce-4516-8aba-386561b47816","2019-09-02 12:36:31.664549+06","2019-09-02 06:00:00+06"
"40210","933b4fa3-860b-4627-a37b-ba81f03374e4","2019-09-02 12:36:48.37756+06","2019-09-02 06:00:00+06"
"40211","d556de04-446e-42c2-8a21-d46bfa6e3769","2019-09-02 12:37:33.89429+06","2019-09-02 06:00:00+06"
"40212","269f0fc1-e6d7-4047-8804-e6b6e2c91b3f","2019-09-02 12:48:13.906525+06","2019-08-28 06:00:00+06"
"40213","5c73c630-08e6-4602-a1b0-1211b30e922d","2019-09-02 12:53:12.251131+06","2019-09-02 06:00:00+06"
"40214","b64789db-b32d-482f-aa04-236a9305ab9d","2019-09-02 12:56:53.585302+06","2019-09-02 06:00:00+06"
"40215","16e0e62f-c193-48f4-a3c5-11da6d2adf79","2019-09-02 12:57:04.941821+06","2019-09-02 06:00:00+06"
"40216","079863f2-cc48-416b-8e15-0f6b50cfa627","2019-09-02 12:58:40.598661+06","2019-09-02 06:00:00+06"
"40217","1206b254-0a18-4d19-8617-1f8a87ab2b2b","2019-09-02 13:01:31.507735+06","2019-09-02 06:00:00+06"
"40218","a93e85c1-606e-4402-b707-bc5c7da9e55b","2019-09-02 13:01:40.410264+06","2019-08-26 06:00:00+06"
"40219","d75c5181-bff0-4a19-99a4-795694899664","2019-09-02 13:09:47.506658+06","2019-09-02 06:00:00+06"
"40220","4ab01783-d7b7-4b31-b65c-0657acca4653","2019-09-02 13:11:05.135486+06","2019-09-02 06:00:00+06"
"40221","ec12c1e5-ae13-4a82-8893-236ac739dea7","2019-09-02 13:15:45.581508+06","2019-09-02 06:00:00+06"
"40222","25a9b4d6-3d78-40cc-bd0a-dbd66f658408","2019-09-02 13:24:24.363889+06","2019-09-02 06:00:00+06"
"40223","55f2a7fc-6d1b-48e0-9051-e787ec3e6837","2019-09-02 13:25:34.018586+06","2019-08-28 06:00:00+06"
"40224","63c7fbbc-add7-44fd-bdf1-434e8a2d862e","2019-09-02 13:30:58.05721+06","2019-09-02 06:00:00+06"
"40225","cec5a5c6-b067-4d68-a98a-9d9a071ad7d6","2019-09-02 13:34:52.505889+06","2019-09-02 06:00:00+06"
"40226","e2719110-30f2-4167-89e0-2b1bf8fde146","2019-09-02 13:38:53.792295+06","2019-09-02 06:00:00+06"
"40227","8bd29052-1781-471f-a9f9-ecd6cedd8c12","2019-09-02 13:41:35.782789+06","2019-09-02 06:00:00+06"
"40228","ac2ae1f3-0d10-4576-8586-3bbb4f11cb3f","2019-09-02 13:41:44.086844+06","2019-09-02 06:00:00+06"
"40229","8eda5f86-af9a-4978-8115-5f3cf2e7c95e","2019-09-02 13:42:24.090207+06","2019-09-02 06:00:00+06"
"40230","955b3030-1e37-4797-a6a4-2a9cd72daaf3","2019-09-02 13:46:23.375796+06","2019-09-02 06:00:00+06"
"40231","3680b575-87e6-4b02-9039-b7128eac0e6c","2019-09-02 13:48:14.130446+06","2019-09-02 06:00:00+06"
"40232","9f50387b-d0cb-4b19-8807-c0b82042874d","2019-09-02 13:48:47.686502+06","2019-09-02 06:00:00+06"
"40233","a1a8b061-e033-48c5-90f0-7482b1043408","2019-09-02 13:52:25.464581+06","2019-09-02 06:00:00+06"
"40234","dadfb1e5-83c0-43e4-a861-71097f1b77c1","2019-09-02 13:53:40.237047+06","2019-09-02 06:00:00+06"
"40235","9841deba-9b2f-4185-a751-38c5a7a3cc0c","2019-09-02 13:54:04.274853+06","2019-08-28 06:00:00+06"
"40236","ae8f3f29-bc32-4590-bb63-529552e0f5c0","2019-09-02 13:58:24.530182+06","2019-09-02 06:00:00+06"
"40237","e5808edd-9097-4603-9722-53fa19d9b203","2019-09-02 13:59:00.999862+06","2019-09-02 06:00:00+06"
"40238","5558c256-67d9-40f8-8d09-eceb2b2a9443","2019-09-02 14:00:26.007074+06","2019-09-02 06:00:00+06"
"40239","7d998a82-a780-4d93-a217-7c50e9a7b6f5","2019-09-02 14:01:17.05398+06","2019-09-02 06:00:00+06"
"40240","cd78f87c-aa8a-4df5-8ec2-c7698db0f4bc","2019-09-02 14:02:51.292704+06","2019-09-02 06:00:00+06"
"40241","bcacc441-eab7-4de6-85ed-77f8ee75e312","2019-09-02 14:03:38.406938+06","2019-09-02 06:00:00+06"
"40242","c4041323-e2b2-4d10-8683-4a63da413020","2019-09-02 14:04:02.642005+06","2019-08-28 06:00:00+06"
"40243","8097fa41-a761-47a4-b5aa-50eb115504dd","2019-09-02 14:06:02.71682+06","2019-09-02 06:00:00+06"
"40244","fab21a7f-d08a-49b5-af30-f14cc6b9d628","2019-09-02 14:06:08.783916+06","2019-09-02 06:00:00+06"
"40245","92cbf6fe-474f-4412-b0a5-0f9f793b0e07","2019-09-02 14:07:09.465279+06","2019-09-02 06:00:00+06"
"40246","926bd168-5d2c-4e61-92a5-3ffd4457515b","2019-09-02 14:08:01.076274+06","2019-09-02 06:00:00+06"
"40247","7f0644f3-7e6d-4ac3-be47-99ec2bfff26c","2019-09-02 14:10:35.335325+06","2019-09-02 06:00:00+06"
"40248","c417ff15-2377-47a4-b8d1-7a67fac610e5","2019-09-02 14:11:13.997513+06","2019-09-02 06:00:00+06"
"40249","8c0ecec3-e262-427b-9252-433d76250214","2019-09-02 14:11:51.53243+06","2019-09-02 06:00:00+06"
"40250","4a48bb32-1ab8-4687-b0c5-52352d6c43dd","2019-09-02 14:11:58.291836+06","2019-09-02 06:00:00+06"
"40251","09d5c978-3630-417d-a83d-5fd52e9b9c1e","2019-09-02 14:13:47.135087+06","2019-09-02 06:00:00+06"
"40252","fe46f0ff-d4c2-4c3b-ab35-b0635fa11df8","2019-09-02 14:14:02.839977+06","2019-09-02 06:00:00+06"
"40253","8e69ae60-a4e8-44df-b3d1-9a2315dad1d7","2019-09-02 14:14:47.509868+06","2019-09-02 06:00:00+06"
"40254","02cf86fa-5185-4c0b-a61f-9991d842da6f","2019-09-02 14:16:12.081795+06","2019-09-02 06:00:00+06"
"40255","6b2d9c17-81c2-43f0-b2f2-f5e3347bb0fb","2019-09-02 14:16:41.703637+06","2019-09-02 06:00:00+06"
"40256","8b9afa8c-0940-48f7-b63d-fc7dbab37496","2019-09-02 14:17:01.260042+06","2019-09-02 06:00:00+06"
"40257","a1913751-ba59-4726-854b-786e7c18d583","2019-09-02 14:19:06.474738+06","2019-09-02 06:00:00+06"
"40258","82791d48-4809-4f9e-ae2b-0d0437e81526","2019-09-02 14:26:34.023203+06","2019-09-02 06:00:00+06"
"40259","bc6bd1fd-5a78-436b-9220-1fb0899bf594","2019-09-02 14:35:20.977121+06","2019-09-02 06:00:00+06"
"40260","f638d221-6aea-4536-98ed-0f1c8cd549ad","2019-09-02 14:35:43.083982+06","2019-09-02 06:00:00+06"
"40261","13f80c46-cd69-4682-94eb-22039f1d026f","2019-09-02 14:45:52.978684+06","2019-09-02 06:00:00+06"
"40262","c3f7dcf7-bd0f-4027-abd8-f8c07c82377f","2019-09-02 14:48:09.276273+06","2019-09-02 06:00:00+06"
"40263","74505354-1160-4578-945c-37154810ebd9","2019-09-02 15:12:38.806505+06","2019-09-02 06:00:00+06"
"40264","b03653b9-6202-4859-90d1-8f4804ec98f2","2019-09-02 15:17:15.985508+06","2019-09-02 06:00:00+06"
"40265","14a892a5-f9b3-4620-bb1f-7603df4e9c07","2019-09-02 15:22:59.166626+06","2019-09-02 06:00:00+06"
"40266","e14c1146-2d52-41d5-9b45-f66edca405a6","2019-09-02 15:25:40.528861+06","2019-09-02 06:00:00+06"
"40267","e485e1c5-fcef-4ed5-9bcf-185dd264060d","2019-09-02 15:29:53.550556+06","2019-09-02 06:00:00+06"
"40268","0772217e-3673-4c91-a6a0-f55c968ea67d","2019-09-02 15:34:30.835488+06","2019-08-27 06:00:00+06"
"40269","f4edfbfa-6653-45fd-b81b-2d9587de0b6e","2019-09-02 15:38:19.332811+06","2019-09-01 06:00:00+06"
"40270","423b86d3-ca7a-42e6-9ad3-d201e0f77d6d","2019-09-02 15:39:14.835335+06","2019-09-02 06:00:00+06"
"40271","02410b6d-4daf-4649-a8ce-e912ae77f275","2019-09-02 15:42:06.156035+06","2019-09-02 06:00:00+06"
"40272","e41796c7-e735-4866-8fbd-5c388b6ecbc2","2019-09-02 15:47:32.692291+06","2019-09-02 06:00:00+06"
"40273","757d4a37-d7f6-47fc-918f-fa2b49132650","2019-09-02 15:48:35.858528+06","2019-09-02 06:00:00+06"
"40274","4fabc5a9-ab6d-4c28-9967-ac39c58c5d62","2019-09-02 15:50:42.777779+06","2019-08-27 06:00:00+06"
"40275","27219bd6-9925-4c06-a3e6-ff830f441f96","2019-09-02 15:52:38.285518+06","2019-09-02 06:00:00+06"
"40276","05279cbf-ce7f-47b6-b1f8-6c1319e8efb6","2019-09-02 15:55:05.843896+06","2019-09-02 06:00:00+06"
"40277","20fa7eca-13c4-4e72-a52c-5e22500f95e4","2019-09-02 15:56:59.976825+06","2019-09-02 06:00:00+06"
"40278","999de070-0a78-426f-b558-b5ad9507d1e5","2019-09-02 15:57:19.393697+06","2019-09-02 06:00:00+06"
"40279","17a788a5-ae03-4944-ac6a-f428ebb7135b","2019-09-02 15:58:28.150915+06","2019-09-02 06:00:00+06"
"40280","f0a2d8c1-5f2f-4314-be1e-142a26627eb9","2019-09-02 15:58:55.56161+06","2019-09-02 06:00:00+06"
"40281","24444434-aeb7-403c-8c28-407d9bf77bd7","2019-09-02 16:02:07.443389+06","2019-09-02 06:00:00+06"
"40282","b7f9074a-5f44-4f8d-8b70-d3014febd994","2019-09-02 16:04:46.736851+06","2019-09-02 06:00:00+06"
"40283","1ea58bc0-eaac-49a3-b7b0-c802745ae487","2019-09-02 16:05:39.439624+06","2019-09-02 06:00:00+06"
"40284","9a4098aa-7bf7-4b03-9994-6503cdf63b07","2019-09-02 16:07:05.241874+06","2019-09-02 06:00:00+06"
"40285","cf82d625-8024-444f-821d-7c9fd7794079","2019-09-02 16:08:12.147751+06","2019-08-27 06:00:00+06"
"40286","665377ef-2e54-477c-ac76-e321b75134c7","2019-09-02 16:12:44.308097+06","2019-09-02 06:00:00+06"
"40287","8c279d19-35d1-4e2e-81ac-ebc31165a71d","2019-09-02 16:14:08.310925+06","2019-09-02 06:00:00+06"
"40288","fd419e97-5f89-4e59-95f7-760b5c8b7e0a","2019-09-02 16:15:16.402566+06","2019-09-02 06:00:00+06"
"40289","cd293227-0fd0-4f22-b0bf-75839d1bcc2a","2019-09-02 16:16:23.696754+06","2019-08-27 06:00:00+06"
"40290","63ba10d5-21e6-4296-be4b-e11773f8c053","2019-09-02 16:18:20.38158+06","2019-09-02 06:00:00+06"
"40291","0e387ddd-8a1e-46c3-be83-44dfefecf36d","2019-09-02 16:18:55.811158+06","2019-09-02 06:00:00+06"
"40292","bf216432-f0b2-4f7c-ae61-c7c832ae7ca4","2019-09-02 16:20:30.914697+06","2019-09-02 06:00:00+06"
"40293","4e70815a-fe3f-4243-88bb-38e61ea347bd","2019-09-02 16:21:09.209264+06","2019-09-02 06:00:00+06"
"40294","2064e5fb-af6d-4680-8213-0e9a8974e9d3","2019-09-02 16:22:47.877336+06","2019-08-27 06:00:00+06"
"40295","8a998668-c10d-43aa-b9cb-246ebc4093ed","2019-09-02 16:22:51.269485+06","2019-09-02 06:00:00+06"
"40296","57ddeff3-ff95-4458-b6e2-5aa1a1d5965a","2019-09-02 16:24:21.715426+06","2019-09-02 06:00:00+06"
"40297","782b246d-03be-4ab0-8002-797254b07a95","2019-09-02 16:24:28.744656+06","2019-09-02 06:00:00+06"
"40298","1e6fe0c2-d897-43dd-a967-f8e46ff53012","2019-09-02 16:26:27.201287+06","2019-09-02 06:00:00+06"
"40299","c346fa9c-dde9-416f-b2fd-19fb84d9f95e","2019-09-02 16:27:10.812518+06","2019-09-02 06:00:00+06"
"40300","76259b22-ee08-427d-aa87-061ba1a82b12","2019-09-02 16:28:50.021301+06","2019-09-02 06:00:00+06"
"40301","0734662c-949b-45e9-a437-99050a3c9ef1","2019-09-02 16:32:23.432892+06","2019-09-02 06:00:00+06"
"40302","74e197bd-11f0-48c9-aee7-9e3fcf8adcaf","2019-09-02 16:33:25.68656+06","2019-09-02 06:00:00+06"
"40303","7f6b522b-829d-454c-a8fb-1547dd8c4991","2019-09-02 16:35:58.130113+06","2019-09-02 06:00:00+06"
"40304","346c281e-6f8a-4b5f-a3c4-2b9c8bf1bde8","2019-09-02 16:39:40.995933+06","2019-09-02 06:00:00+06"
"40305","ca79fe55-cf84-4dde-9081-3a0ef86bda99","2019-09-02 16:43:33.241884+06","2019-09-02 06:00:00+06"
"40306","894e361d-484b-422d-8281-123511ff3d2f","2019-09-02 16:46:01.127334+06","2019-08-27 06:00:00+06"
"40307","a1a7c826-bfc9-444c-b752-cc85b2ac1c36","2019-09-02 16:46:58.252776+06","2019-09-02 06:00:00+06"
"40308","46dea9c3-ed05-4df2-a512-747383f6e382","2019-09-02 16:48:20.926196+06","2019-09-02 06:00:00+06"
"40309","26de6bf3-5bb1-4c70-a0be-247e84fb676a","2019-09-02 16:48:41.147437+06","2019-09-02 06:00:00+06"
"40310","f13d393c-2aa4-4cb9-81c7-0d2099e9467a","2019-09-02 16:50:23.226421+06","2019-09-02 06:00:00+06"
"40311","1f798d65-dc79-4f50-8ffb-6c20376f8c70","2019-09-02 16:56:27.817228+06","2019-09-02 06:00:00+06"
"40312","74afc2ae-5a80-4c11-a001-a2f353c069e5","2019-09-02 16:57:10.509243+06","2019-09-02 06:00:00+06"
"40313","e31743f2-ebdf-4efe-956e-5a725cf66435","2019-09-02 17:01:02.856754+06","2019-09-02 06:00:00+06"
"40314","157a4d26-8ca3-4271-a6d8-47dd5c1c6068","2019-09-02 17:01:34.899413+06","2019-09-02 06:00:00+06"
"40315","83acd0ec-f122-4295-a03b-5e398977a327","2019-09-02 17:04:01.942984+06","2019-09-02 06:00:00+06"
"40316","688e4fe6-f18f-4954-a5ae-18aa2dacb507","2019-09-02 17:20:38.392019+06","2019-08-27 06:00:00+06"
"40317","d2ec4137-792e-4856-8938-b05b592c8e92","2019-09-02 17:23:09.167207+06","2019-09-02 06:00:00+06"
"40318","c64cc1a6-113b-46e6-9902-46811a1413ed","2019-09-02 17:25:28.961835+06","2019-09-02 06:00:00+06"
"40319","ad6b02a9-651b-43fe-9147-b2ece98da82c","2019-09-02 17:26:32.337911+06","2019-08-27 06:00:00+06"
"40320","51b22b52-01cd-4eae-9d1c-77af085c1795","2019-09-02 17:27:26.190274+06","2019-09-02 06:00:00+06"
"40321","bd99e12b-6754-46e6-a008-06898fdeec06","2019-09-02 17:29:34.111934+06","2019-09-02 06:00:00+06"
"40322","89465fca-c97e-4798-a3e4-9ba0e5aced2e","2019-09-02 17:30:05.968562+06","2019-09-02 06:00:00+06"
"40323","3e8fbf21-c364-4450-9256-e33501155160","2019-09-02 17:31:52.784761+06","2019-09-02 06:00:00+06"
"40324","a4ae2d30-ea16-4a9f-98f2-0ecbe68f2ec6","2019-09-02 17:32:52.310481+06","2019-09-02 06:00:00+06"
"40325","d2d822fc-65a3-42f9-b437-19a1da598d8b","2019-09-02 17:34:00.566897+06","2019-09-02 06:00:00+06"
"40326","cf06dec7-3aec-4445-bd03-0fcd617258bc","2019-09-02 17:34:17.550153+06","2019-08-27 06:00:00+06"
"40327","3fd069f7-aae6-4042-8b23-9bfa712c80e4","2019-09-02 17:35:11.383613+06","2019-09-02 06:00:00+06"
"40328","7757f5ad-5519-47ee-b1d1-aa3a527a2a33","2019-09-02 17:36:41.316831+06","2019-09-02 06:00:00+06"
"40329","50242856-fefa-4526-86fd-5a10bd3b5c4c","2019-09-02 17:39:00.161751+06","2019-09-02 06:00:00+06"
"40330","54869527-0691-42f4-9c13-796ed8a3a9f8","2019-09-02 17:41:09.136604+06","2019-09-02 06:00:00+06"
"40331","46978609-18a3-4176-beeb-7bf4f8e38f4c","2019-09-02 17:42:03.662707+06","2019-09-02 06:00:00+06"
"40332","a9326292-79e9-4161-a669-f71e7de6c605","2019-09-02 17:42:19.451882+06","2019-09-02 06:00:00+06"
"40333","3340b039-332c-4aa8-b8ee-957b4850a051","2019-09-02 17:45:14.477225+06","2019-09-02 06:00:00+06"
"40334","52ba4ca3-6748-4ca8-ba46-f7251fe44843","2019-09-02 17:47:19.342998+06","2019-08-27 06:00:00+06"
"40335","23154552-4db1-4dbb-a9a6-fdb23c58eb68","2019-09-02 17:48:39.7639+06","2019-09-02 06:00:00+06"
"40336","5a9fdef3-96b6-458b-a4fa-0a8a62fe938f","2019-09-02 17:50:21.770409+06","2019-09-02 06:00:00+06"
"40337","4be19e24-e251-4264-8758-f88509bff8a5","2019-09-02 17:52:58.612547+06","2019-09-02 06:00:00+06"
"40338","5fac4474-51b7-4525-8623-339101aa875a","2019-09-02 17:55:05.821674+06","2019-08-27 06:00:00+06"
"40339","ab26ebe6-b017-4be7-aab5-1d41dc90c729","2019-09-02 17:56:08.47338+06","2019-09-02 06:00:00+06"
"40340","73001f04-f85c-4c96-af18-0a3fc84ec07b","2019-09-02 17:58:09.019487+06","2019-09-02 06:00:00+06"
"40341","35322eea-c39c-49dd-a742-a399a8d8b301","2019-09-02 18:01:09.285663+06","2019-09-02 06:00:00+06"
"40342","52fe8779-35f7-4e54-a5db-c5041d713c27","2019-09-02 18:01:56.849315+06","2019-09-02 06:00:00+06"
"40343","50bf1002-abf4-487d-a2d5-2465e88a9675","2019-09-02 18:03:35.770925+06","2019-09-02 06:00:00+06"
"40344","70d34900-571b-4cb0-a4c5-8714343384e9","2019-09-02 18:10:24.649735+06","2019-09-02 06:00:00+06"
"40345","6324e1ff-c1e9-4311-86e6-8f58b5301322","2019-09-02 18:11:59.468363+06","2019-09-02 06:00:00+06"
"40346","3554e8b0-41d5-407f-83e2-c3da10dc2c1a","2019-09-02 18:15:03.465092+06","2019-09-02 06:00:00+06"
"40347","ac7e5b97-c3b6-4338-8dff-16f39b30acec","2019-09-02 18:16:24.190492+06","2019-08-27 06:00:00+06"
"40348","e2cb7413-eb86-4e0f-b367-e7f64c7ee635","2019-09-02 18:18:12.961162+06","2019-09-02 06:00:00+06"
"40349","470246d4-e138-443d-8f87-612bc21c16e6","2019-09-02 18:18:26.529978+06","2019-09-02 06:00:00+06"
"40350","a24cf7dc-8160-42e3-b6d3-5775fc0bfccc","2019-09-02 18:18:55.742051+06","2019-08-27 06:00:00+06"
"40351","b0bb8a9c-4682-4627-ac58-98174705948e","2019-09-02 18:19:40.977327+06","2019-09-02 06:00:00+06"
"40352","f55ffa19-17f1-43d7-982f-ca7bda8dd5ed","2019-09-02 18:20:03.09223+06","2019-09-02 06:00:00+06"
"40353","639393a0-84b0-4b8f-9e9c-eb7f75cebfc5","2019-09-02 18:20:07.42418+06","2019-09-02 06:00:00+06"
"40354","ff300112-561c-4e4d-970d-3bb305ee774a","2019-09-02 18:22:28.028867+06","2019-09-02 06:00:00+06"
"40355","112d7540-11a0-4f89-b578-4faf42af428b","2019-09-02 18:24:36.288374+06","2019-08-27 06:00:00+06"
"40356","b39e08d5-20d7-47f5-ae7d-eff8ea292566","2019-09-02 18:25:28.662571+06","2019-09-02 06:00:00+06"
"40357","bb2920a0-f8cd-41e0-a1ce-cac0d0cd2eeb","2019-09-02 18:26:49.440599+06","2019-09-02 06:00:00+06"
"40358","b0c1137d-3ff0-4d61-ad6c-7ba6b4623a76","2019-09-02 18:30:46.404473+06","2019-09-02 06:00:00+06"
"40359","9a21eb32-1d0f-4906-bee1-5a9c54eaf27b","2019-09-02 18:31:50.066714+06","2019-09-02 06:00:00+06"
"40360","38d4b0b3-1b0a-44cb-b763-da6be4243845","2019-09-02 18:35:28.421636+06","2019-09-02 06:00:00+06"
"40361","f855036b-6702-4118-b820-347b6d243b0b","2019-09-02 18:36:03.796591+06","2019-09-02 06:00:00+06"
"40362","4f55c452-a9a4-4e63-8bb5-8f4ff2c854af","2019-09-02 18:39:06.251638+06","2019-09-02 06:00:00+06"
"40363","d2ed25f0-cede-4e20-9066-43c5fe6a3622","2019-09-02 18:39:16.653541+06","2019-09-02 06:00:00+06"
"40364","97173c19-32dc-4a2b-bda3-a28fcf30ba32","2019-09-02 18:41:53.60106+06","2019-09-02 06:00:00+06"
"40365","f0d4eca4-4843-4374-9e20-85e90bf3e6c1","2019-09-02 18:42:17.860574+06","2019-09-02 06:00:00+06"
"40366","cd01cb2e-0084-411c-965f-76b8e2e65dda","2019-09-02 18:43:50.237725+06","2019-09-02 06:00:00+06"
"40367","bb8ae832-493b-4db9-a303-af6cd74bc245","2019-09-02 18:44:55.981168+06","2019-09-02 06:00:00+06"
"40368","85927b6b-6a79-4108-8e59-2949620af4c2","2019-09-02 18:45:57.628263+06","2019-09-02 06:00:00+06"
"40369","b83ba9da-e000-4950-b33f-bcfb4452c70f","2019-09-02 18:48:07.649719+06","2019-09-02 06:00:00+06"
"40370","cb3ec4b4-15e0-44e7-b3fc-59d4bb0a8c0c","2019-09-02 18:48:36.694666+06","2019-09-02 06:00:00+06"
"40371","bc0bfc58-be83-40eb-afd3-a485c10a0b9d","2019-09-02 18:50:36.344395+06","2019-09-02 06:00:00+06"
"40372","8d7da5de-f9fb-4cc4-bc90-7f13a89aa953","2019-09-02 18:52:45.400419+06","2019-09-02 06:00:00+06"
"40373","72bd00d1-a1de-467e-a279-57e57f91052c","2019-09-02 18:53:39.234464+06","2019-09-02 06:00:00+06"
"40374","f3e49d6f-a8df-43fc-847d-0e1b9a191752","2019-09-02 18:54:17.479311+06","2019-09-02 06:00:00+06"
"40375","b81bb8b4-39dd-43db-b0fb-0d22fea0a2e1","2019-09-02 18:54:25.630657+06","2019-09-02 06:00:00+06"
"40376","c3bbd862-4a0b-4cd2-a870-4709950b4ec9","2019-09-02 18:54:55.998339+06","2019-09-02 06:00:00+06"
"40377","29027b65-dda3-4848-a152-5fd03a06a98d","2019-09-02 18:57:22.442602+06","2019-09-02 06:00:00+06"
"40378","36dcbe76-31cf-4620-b463-3d24964d9535","2019-09-02 18:57:57.430053+06","2019-09-02 06:00:00+06"
"40379","69a066a4-2d5a-4964-a70d-42563c7fa16c","2019-09-02 18:58:08.191966+06","2019-09-02 06:00:00+06"
"40380","6732d6e5-706a-4142-934f-6e4bee9039fb","2019-09-02 19:04:14.07193+06","2019-09-02 06:00:00+06"
"40381","6409dfa3-f805-4e06-9dcb-9a1e35dbc85b","2019-09-02 19:08:12.147298+06","2019-09-02 06:00:00+06"
"40382","5c24a946-6858-4dd3-ba6d-f42225b34be5","2019-09-02 19:11:50.741641+06","2019-09-02 06:00:00+06"
"40383","f9410f85-430d-4bc0-be63-311f79b04cb5","2019-09-02 19:12:42.091549+06","2019-09-02 06:00:00+06"
"40384","498d03e7-aebc-4dbf-b331-ccd0ab68cbaa","2019-09-02 19:12:59.021222+06","2019-09-02 06:00:00+06"
"40385","a6ca84ad-afb2-4f7b-abcd-e62f5a90098c","2019-09-02 19:13:24.964882+06","2019-09-02 06:00:00+06"
"40386","ebf5d04d-898e-4535-a874-daf5f9b90b52","2019-09-02 19:13:48.096898+06","2019-09-02 06:00:00+06"
"40387","33f03e24-a8c8-4ebf-a976-5618e14353a9","2019-09-02 19:14:27.64812+06","2019-09-02 06:00:00+06"
"40388","d8d76ced-908a-4bc8-9bee-aff126f3faca","2019-09-02 19:16:59.23823+06","2019-09-02 06:00:00+06"
"40389","25d2a2b8-64b2-4780-a927-9a0066c52d9e","2019-09-02 19:21:54.679769+06","2019-09-02 06:00:00+06"
"40390","afdb41bf-d95f-403f-9cce-01bf62351d9d","2019-09-02 19:28:55.398124+06","2019-09-02 06:00:00+06"
"40391","2a7a72d2-f8a7-4144-a812-0f763db11d22","2019-09-02 19:30:11.080648+06","2019-09-02 06:00:00+06"
"40392","662a7639-2aaa-41c3-af0d-8da0be74b8ab","2019-09-02 19:30:20.41656+06","2019-09-02 06:00:00+06"
"40393","9df0b048-02fe-4767-8761-4d20e6e89e22","2019-09-02 19:31:35.759034+06","2019-09-02 06:00:00+06"
"40394","7db54abf-a5ca-4cd7-9d74-8ce16834ebd0","2019-09-02 19:37:33.483345+06","2019-09-02 06:00:00+06"
"40395","bb13e356-fc5b-4a17-b16d-bba74cb1a03c","2019-09-02 19:39:27.861475+06","2019-09-02 06:00:00+06"
"40396","42678da3-0ef2-4a1c-a915-c40972111666","2019-09-02 19:46:07.968754+06","2019-09-02 06:00:00+06"
"40397","c485a98a-564b-428b-b04b-673cd389b386","2019-09-02 19:50:45.219605+06","2019-09-02 06:00:00+06"
"40398","04ad1519-19b5-4aaa-ba86-6076846e098e","2019-09-02 19:53:51.653783+06","2019-09-02 06:00:00+06"
"40399","48b75299-a44e-4824-b42c-75ab7fd12352","2019-09-02 19:56:46.406084+06","2019-09-02 06:00:00+06"
"40400","05cabd0b-68e2-404b-a691-883182c9453f","2019-09-02 20:01:00.571431+06","2019-09-02 06:00:00+06"
"40401","2b8286a7-7f49-4504-a64e-6d3a198dd290","2019-09-02 20:01:53.733438+06","2019-09-02 06:00:00+06"
"40402","95a0e58c-0310-4db6-8afe-5a0666c733c0","2019-09-02 20:03:23.437805+06","2019-09-02 06:00:00+06"
"40403","35550594-e2a3-4151-bc96-39ed8cce19cc","2019-09-02 20:11:48.86641+06","2019-09-02 06:00:00+06"
"40404","6f0fff69-25a0-4b0f-9314-b84b50af008c","2019-09-02 20:15:14.182464+06","2019-09-02 06:00:00+06"
"40405","32a39c80-e5ec-4a0a-97f5-c67b36a3fcc5","2019-09-02 20:16:59.144921+06","2019-09-02 06:00:00+06"
"40406","59cacb81-31cd-4b4b-8880-f27d14aac7f6","2019-09-02 20:20:02.575195+06","2019-09-02 06:00:00+06"
"40407","264fdb43-7b47-4742-b46d-e05ef77e3fd5","2019-09-02 20:21:35.495533+06","2019-09-02 06:00:00+06"
"40408","e8bcef35-0746-4337-8306-7193cf2c0258","2019-09-02 20:22:08.322261+06","2019-09-02 06:00:00+06"
"40409","b304029f-214f-4ab4-84a3-c3524135c366","2019-09-02 20:25:34.163062+06","2019-09-02 06:00:00+06"
"40410","b20c971c-fcc2-46d6-8cd0-f149236ae599","2019-09-02 20:26:24.399355+06","2019-09-02 06:00:00+06"
"40411","a5929b6b-eb27-4594-94b3-e4b3338c975a","2019-09-02 20:28:21.574461+06","2019-09-02 06:00:00+06"
"40412","4f82f086-862d-4db5-a5db-0267f407753b","2019-09-02 20:30:55.800464+06","2019-09-02 06:00:00+06"
"40413","3f125f60-20d2-42b3-875f-e07d51989e1c","2019-09-02 20:33:13.475197+06","2019-09-02 06:00:00+06"
"40414","ebc7c9bf-3c22-4233-9411-b960e4cdecd2","2019-09-02 20:33:18.824634+06","2019-09-02 06:00:00+06"
"40415","3e722f3e-cf9f-4d95-924f-20033ea7761d","2019-09-02 20:35:11.456017+06","2019-09-02 06:00:00+06"
"40416","3574e698-1fa1-408f-84f7-f464ea36eef1","2019-09-02 20:36:38.977655+06","2019-09-02 06:00:00+06"
"40417","88b20ac7-5854-4181-a70d-7e4b9cff977e","2019-09-02 20:38:35.289761+06","2019-09-02 06:00:00+06"
"40418","447f0b08-a3d4-48ea-a275-f4ecda030ed7","2019-09-02 20:38:42.01596+06","2019-09-02 06:00:00+06"
"40419","1a1a1520-8849-475f-8889-e23b4b964f74","2019-09-02 20:40:38.982902+06","2019-09-02 06:00:00+06"
"40420","78a655ae-89bf-4315-86ec-642b53de1bca","2019-09-02 20:45:57.39703+06","2019-09-02 06:00:00+06"
"40421","7797e610-199a-4218-8a89-c75962e17587","2019-09-02 20:50:14.364252+06","2019-09-02 06:00:00+06"
"40422","2b6785e0-c1ca-4535-b262-d26d976c1307","2019-09-02 20:55:48.53218+06","2019-09-02 06:00:00+06"
"40423","f0dd1db6-6585-49e4-8669-d2db893fb63c","2019-09-02 20:59:01.067239+06","2019-09-02 06:00:00+06"
"40424","76e4829a-acf5-4518-a677-7bd4bff827f9","2019-09-02 21:03:18.536502+06","2019-09-02 06:00:00+06"
"40425","8b01a0ea-87e7-4db5-86c0-862a23fa4c63","2019-09-02 21:04:43.934968+06","2019-09-02 06:00:00+06"
"40426","665fc30c-112c-4559-8359-ddcea7de389d","2019-09-02 21:06:55.14769+06","2019-09-02 06:00:00+06"
"40427","e0199fa4-88a8-4f54-aa71-b19e4219d397","2019-09-02 21:08:01.662231+06","2019-09-02 06:00:00+06"
"40428","04dfb755-b1ac-420c-871d-00dbb7ad0b9c","2019-09-02 21:08:46.990021+06","2019-09-02 06:00:00+06"
"40429","48dc7c72-181a-4957-a718-ad2e0c7593ed","2019-09-02 21:12:59.691038+06","2019-09-02 06:00:00+06"
"40430","83089217-4420-4ab4-b071-1f1af97bb39c","2019-09-02 21:14:06.832865+06","2019-09-02 06:00:00+06"
"40431","5469a542-b403-4edb-939a-f49a23be329b","2019-09-02 21:16:46.267592+06","2019-09-02 06:00:00+06"
"40432","5ec4d0a1-dece-4fb6-acd8-0607b0a87a83","2019-09-02 21:17:26.892014+06","2019-09-02 06:00:00+06"
"40433","7a3f4075-6e5f-4b6d-b95c-7cfe0bc62f2a","2019-09-02 21:23:01.466422+06","2019-09-02 06:00:00+06"
"40434","01742e15-65f6-4739-ae8a-0d2b346b381a","2019-09-02 21:52:22.713906+06","2019-09-02 06:00:00+06"
"40435","7365cdce-7818-490e-a264-412b4c1358ea","2019-09-02 22:04:48.335535+06","2019-09-02 06:00:00+06"
"40436","03d19931-9f79-44e8-9113-86080cb05648","2019-09-02 22:05:08.670446+06","2019-09-02 06:00:00+06"
"40437","d1e0e78d-e94b-4f45-b752-ca00480ac652","2019-09-02 22:07:08.639599+06","2019-09-02 06:00:00+06"
"40438","1d4aa90c-f435-4bdb-9af2-7b1fef8cdbd3","2019-09-02 22:09:18.066455+06","2019-09-02 06:00:00+06"
"40439","f7609414-1446-4d05-9fdf-949d772818af","2019-09-02 22:17:50.670969+06","2019-09-02 06:00:00+06"
"40440","c7662429-0beb-4c69-a5fa-5db25ec16e53","2019-09-02 22:50:33.605081+06","2019-09-02 06:00:00+06"
"40441","000de4cd-b2e2-4324-9d8a-c4d73fc81a82","2019-09-02 22:53:02.182721+06","2019-09-02 06:00:00+06"
"40442","8b457f93-d40e-468e-8af9-fb5cef78f23a","2019-09-02 22:53:33.556633+06","2019-09-02 06:00:00+06"
"40443","462df5ec-2fea-451e-95df-3d1a1ebb83e2","2019-09-02 23:12:06.289372+06","2019-09-02 06:00:00+06"
"40444","0ab0d1b8-dba7-49e2-8281-a26d3bde71bf","2019-09-02 23:14:36.247891+06","2019-09-02 06:00:00+06"
"40445","d04d1e1f-a75e-4015-b81a-f5910d5142a0","2019-09-02 23:22:52.942712+06","2019-09-02 06:00:00+06"
"40446","4d68e1e6-d21b-49f8-bc41-8ad94ff38426","2019-09-02 23:44:00.991563+06","2019-09-02 06:00:00+06"
"40447","c436edd4-15d3-445d-8975-b4a300fbfd3c","2019-09-02 23:56:05.767987+06","2019-09-02 06:00:00+06"
"40448","347fa588-58b5-49ed-b5e8-b8ed65f860bd","2019-09-03 00:57:02.014167+06","2019-09-03 06:00:00+06"
"40449","c99e0886-5425-41cc-baf8-8e9af55f8196","2019-09-03 01:04:36.771537+06","2019-09-03 06:00:00+06"
"40450","bb0a798b-6649-42c9-902d-49385c4abd10","2019-09-03 01:17:58.387022+06","2019-09-03 06:00:00+06"
"40451","e547daa0-780d-4cd8-a5ef-b31eb50d440b","2019-09-03 01:20:14.616471+06","2019-09-03 06:00:00+06"
"40452","2021624b-aff2-4b4d-9e80-7edcffab9771","2019-09-03 01:22:36.387491+06","2019-09-03 06:00:00+06"
"40453","d3823547-3bfe-4681-a8d4-248c45c75b72","2019-09-03 01:24:48.215071+06","2019-09-03 06:00:00+06"
"40454","a7510a0e-f557-4fec-99b4-0ecfdbd47a4c","2019-09-03 01:26:59.905554+06","2019-09-03 06:00:00+06"
"40455","90ae441d-4d3c-40f3-9aa4-2f30838fbb2c","2019-09-03 01:54:39.511853+06","2019-09-03 01:51:33+06"
"40456","3297a66d-e180-4778-ac4b-28ec36f7fc60","2019-09-03 01:55:39.192151+06","2019-09-03 01:54:58+06"
"40457","b41117cc-9168-497e-ac2d-748505b1c2a6","2019-09-03 01:58:52.123729+06","2019-09-03 01:55:59+06"
"40458","24436328-f47b-48df-a7c2-8140368aa36e","2019-09-03 08:33:30.574583+06","2019-09-03 08:28:32+06"
"40459","220d727b-776f-46cf-a75d-6083d0432b65","2019-09-03 08:42:34.742852+06","2019-09-03 08:41:20+06"
"40460","146fea22-df1d-474c-8cc9-b965ab48bcd8","2019-09-03 10:04:32.360735+06","2019-09-03 10:02:20+06"
"40461","b9278928-06ad-4a4c-837a-8b8f4e84e21f","2019-09-03 10:25:12.667835+06","2019-09-03 10:04:41+06"
"40462","a8ae5b29-1e52-4c9f-94b8-a601e660556f","2019-09-03 10:26:12.236448+06","2019-08-27 10:19:01+06"
"40463","3f224a3a-215f-416b-a9d1-83dacbb4ae0e","2019-09-03 10:41:25.795417+06","2019-08-27 10:26:31+06"
"40464","665d5aab-bdca-4878-8122-3ba080ac1241","2019-09-03 10:46:56.384092+06","2019-09-03 10:46:04+06"
"40465","6c4156cd-5e06-48ce-b4b0-b71ca12773c5","2019-09-03 11:02:23.369539+06","2019-08-27 10:44:46+06"
"40466","1603c553-e52e-402a-8b2b-d5a46609c39f","2019-09-03 11:03:32.290555+06","2019-09-03 11:02:11+06"
"40467","5c485d24-8255-4246-8c08-8a951d12cb5d","2019-09-03 11:04:11.469893+06","2019-09-03 11:03:46+06"
"40468","547ec150-c1cd-43e3-9006-03e2d290a9f7","2019-09-03 11:08:17.659641+06","2019-09-03 10:41:38+06"
"40469","4f17889a-7a2d-4587-9507-923e8288d12f","2019-09-03 11:08:26.253433+06","2019-08-27 11:03:27+06"
"40470","b2312cb0-68c8-4b36-803c-e1fca5d7f5f9","2019-09-03 11:26:52.929027+06","2019-09-03 11:11:07+06"
"40471","2eb71717-6e4b-4ed8-a67d-e42d791d0c91","2019-09-03 11:33:34.021449+06","2019-08-27 11:08:32+06"
"40472","f0c13e97-2f4d-4d53-bf22-c251097383c6","2019-09-03 11:38:51.91602+06","2019-09-03 11:35:01+06"
"40473","ca3a9a82-6311-43ba-815c-1dc6570185b6","2019-09-03 11:44:56.388605+06","2019-09-03 11:26:45+06"
"40474","8ebcd81f-33a4-4f59-bcfb-edc11cb5292f","2019-09-03 11:45:25.145102+06","2019-08-28 11:39:29+06"
"40476","a73f0cf1-1fb8-40f1-899d-32e5b414160b","2019-09-03 11:51:37.086199+06","2019-09-03 11:48:57+06"
"40477","b4773367-cc58-4314-91c5-bc1e58bba92d","2019-09-03 11:57:43.188409+06","2019-08-28 11:45:48+06"
"40478","62593037-9fd2-43ba-817d-4ddbbb6fa010","2019-09-03 11:58:10.871588+06","2019-09-03 11:45:52+06"
"40479","dfcd789c-fd17-41db-9dfc-e7fa009fc78a","2019-09-03 12:00:54.406349+06","2019-09-03 11:54:32+06"
"40480","ad59970f-c1be-426b-b9ca-44314b03eb80","2019-09-03 12:09:24.359211+06","2019-08-28 12:04:22+06"
"40481","ad3a052a-0984-44b4-97ac-08efafd0b7b0","2019-09-03 12:12:47.755196+06","2019-09-03 12:09:00+06"
"40482","fc723692-4a57-4fa5-b9d3-1a06df9c8be6","2019-09-03 12:19:25.453701+06","2019-09-03 12:18:30+06"
"40483","5bbe4116-258c-47fd-a783-e9813300809f","2019-09-03 12:19:36.891858+06","2019-09-03 12:18:06+06"
"40484","bb1cde54-815d-481e-88ac-35b5de7ea3e0","2019-09-03 12:30:08.050932+06","2019-09-03 12:18:01+06"
"40485","6166d5d9-3963-4af5-ac41-356bf99e6948","2019-09-03 12:36:50.949978+06","2019-09-03 12:24:32+06"
"40486","cb2d79f7-b8d9-46c3-8879-f5b7d79366f1","2019-09-03 12:39:05.311218+06","2019-09-03 12:36:04+06"
"40487","255b6f2a-51ed-4b73-9e16-76ffd1fd5726","2019-09-03 12:43:25.025357+06","2019-09-03 12:40:20+06"
"40488","ed7c1b3a-c9fb-42aa-96ad-df40d1250578","2019-09-03 12:43:57.3114+06","2019-09-04 12:00:00+06"
"40489","733614ed-601b-4526-bd39-82babac5c849","2019-09-03 12:45:59.302465+06","2019-09-03 12:39:10+06"
"40490","ee9d4933-9e62-4761-ae4b-48d7bc3f9909","2019-09-03 12:47:47.014795+06","2019-08-28 12:09:34+06"
"40491","0d7e8041-1046-466c-a5ea-d28cf194e119","2019-09-03 12:48:26.845116+06","2019-09-03 12:40:39+06"
"40492","df259601-9e8f-4e20-9024-0d8964fc5feb","2019-09-03 12:53:33.650011+06","2019-09-03 12:49:24+06"
"40493","3c1d9bb1-e356-417b-bf8c-09636e5386a6","2019-09-03 12:53:53.73142+06","2019-08-28 12:48:19+06"
"40494","e623f6cd-cc1c-4255-83d7-809aacf11cde","2019-09-03 12:57:05.685298+06","2019-08-28 12:54:05+06"
"40495","07f14abd-fdec-47a1-9072-fb35f1e2816a","2019-09-03 12:58:03.289928+06","2019-09-03 12:46:05+06"
"40496","ee89789d-c6a4-4b39-8f53-12fef229ebd7","2019-09-03 13:03:15.606679+06","2019-09-03 01:00:21+06"
"40497","7eeecbe8-3284-4e54-a3c8-9a841cc77267","2019-09-03 13:05:52.073786+06","2019-09-03 01:02:53+06"
"40498","58ef2a65-0960-4c4e-b7e6-0c5a93603f5c","2019-09-03 13:09:07.131232+06","2019-09-03 12:43:00+06"
"40499","bce3c77e-16ab-4b42-bd4f-2568c34db117","2019-09-03 13:11:13.301615+06","2019-08-28 12:57:52+06"
"40500","03d4fdb3-dbe2-455b-8df3-a090d5158a20","2019-09-03 13:11:14.752827+06","2019-09-02 12:13:07+06"
"40501","144c0b5c-a1d3-4274-972f-4c5f2c70a09c","2019-09-03 13:15:52.133801+06","2019-09-03 01:04:48+06"
"40502","f0c96441-7a4c-4e05-8ab3-cb219b8850a3","2019-09-03 13:17:18.224464+06","2019-09-02 01:10:55+06"
"40503","4614d651-16c9-4d37-b4a0-ee77a23471a8","2019-09-03 13:21:22.684821+06","2019-09-03 01:12:55+06"
"40504","588e3316-50bd-44bf-a9de-81659ebf8448","2019-09-03 13:23:30.156081+06","2019-09-03 01:21:51+06"
"40505","b008e463-e834-4ab6-8017-16aafbf59357","2019-09-03 13:23:31.504628+06","2019-08-28 01:11:33+06"
"40506","bf6fb39c-bd6f-4bec-901d-f569f6f4b867","2019-09-03 13:27:18.49305+06","2019-09-03 01:25:12+06"
"40507","5606427a-5e47-4682-85d7-1a461f8afd9d","2019-09-03 13:29:31.461657+06","2019-09-03 01:25:55+06"
"40508","1bc700bf-5586-4914-a6a2-d5be44fc8eb3","2019-09-03 13:31:29.757553+06","2019-09-03 12:44:16+06"
"40509","779f8d81-f21a-4253-a3a9-beb5b491a637","2019-09-03 13:31:56.785144+06","2019-09-03 01:27:36+06"
"40510","71220230-b71a-4018-b030-d9ff378e5883","2019-09-03 13:32:10.906195+06","2019-09-03 01:28:21+06"
"40511","d2f7a9b4-45be-4dda-ae34-57f978f1f3ff","2019-09-03 13:34:42.000437+06","2019-09-03 01:32:01+06"
"40512","53e18e1a-c94b-4a20-9ff9-3982f794f489","2019-09-03 13:36:06.011019+06","2019-09-03 01:25:32+06"
"40513","b06b0dce-6197-4fd4-9f97-509cffd51d6b","2019-09-03 13:36:18.260626+06","2019-09-03 01:33:51+06"
"40514","08f427fd-20f2-407d-b7fe-1e43eb42f7f8","2019-09-03 13:37:08.428752+06","2019-09-03 01:29:35+06"
"40515","9c858b34-9b8b-4bfa-baaf-6eff1c5f8a05","2019-09-03 13:37:49.102125+06","2019-09-03 01:36:33+06"
"40516","db8df364-e1d3-4d40-8cab-946d244f6cb3","2019-09-03 13:38:11.342863+06","2019-09-03 01:36:31+06"
"40517","f1983f2b-a588-4da1-99e4-a762754326e0","2019-09-03 13:42:18.861264+06","2019-09-03 01:37:51+06"
"40518","3ce67214-dd5e-4602-8490-621e8a5839cc","2019-09-03 13:48:28.57584+06","2019-09-03 01:38:03+06"
"40519","f8af5321-cd71-4a38-be34-d28cf4f9e2b3","2019-09-03 13:49:07.890069+06","2019-09-03 01:44:05+06"
"40520","863848cb-575d-47d8-a3eb-6eaa0a7ef07a","2019-09-03 13:56:58.018359+06","2019-09-03 01:44:24+06"
"40521","f3c6c964-b951-486e-a64d-3a6816464efd","2019-09-03 13:59:25.746722+06","2019-09-03 01:51:06+06"
"40522","ac79f555-a29d-4f8f-871b-995f88937d5c","2019-09-03 13:59:43.755657+06","2019-09-03 01:57:30+06"
"40523","0825543d-9f6d-4257-ba34-c2f9647c0446","2019-09-03 14:00:15.625353+06","2019-09-03 01:59:28+06"
"40524","f7f1011a-7d38-4305-9a64-569a3d314e93","2019-09-03 14:02:42.079938+06","2019-09-03 02:00:31+06"
"40525","15c9e039-3e3a-47cd-aee8-75bcfc2c5308","2019-09-03 14:02:51.909436+06","2019-09-03 02:01:30+06"
"40526","26bd2c1c-4c78-435c-b344-c1befbf3adb4","2019-09-03 14:05:02.3523+06","2019-09-03 02:03:47+06"
"40527","2688766c-331c-43e5-9f1f-badadb02a9e1","2019-09-03 14:05:32.387889+06","2019-09-03 01:59:38+06"
"40528","206424be-ee7b-4961-8ed7-4c35cbb2de24","2019-09-03 14:07:26.126046+06","2019-09-03 02:05:22+06"
"40529","619d8560-a0c9-4798-b87b-94a87372580b","2019-09-03 14:09:35.676638+06","2019-09-03 02:03:20+06"
"40530","cc2126e7-6641-4653-bd2f-f2a9f22c47da","2019-09-03 14:11:10.334032+06","2019-09-03 02:10:20+06"
"40531","28d0b432-60b5-4a24-ae66-4e72baa42fed","2019-09-03 14:11:53.150764+06","2019-09-03 02:11:16+06"
"40532","d0860bf7-0a3f-4d36-9ae0-0cc83c8265f3","2019-09-03 14:13:02.414169+06","2019-09-03 02:12:12+06"
"40533","bcc21182-86c3-4970-b964-c482e2e860dd","2019-09-03 14:13:07.108992+06","2019-09-03 02:09:31+06"
"40534","464029b0-bd6c-4b3b-852b-8d96cbeb3364","2019-09-03 14:15:09.166138+06","2019-09-03 02:13:14+06"
"40535","7b572571-0b99-4fdb-aa3f-8aed3d526287","2019-09-03 14:15:26.951757+06","2019-08-28 02:10:26+06"
"40536","1564629d-b018-42cf-ad29-f6cb23f0ecbc","2019-09-03 14:17:37.298313+06","2019-09-03 02:13:24+06"
"40537","01739ff3-90bd-4579-956b-1a89a875f8d4","2019-09-03 14:20:32.375686+06","2019-09-03 02:18:22+06"
"40538","902ffcf5-8c71-4f95-a4f1-d5c1d97bc9a2","2019-09-03 14:20:44.675954+06","2019-09-03 11:32:29+06"
"40539","9d1a6266-35c0-4666-9d8a-92a820b711de","2019-09-03 14:22:39.123347+06","2019-09-03 02:20:10+06"
"40540","06775d2e-0c30-4f56-a467-3e08c3dbe24b","2019-09-03 14:24:47.008572+06","2019-09-03 02:21:55+06"
"40541","6398e731-da3a-4cfb-9fdf-c92d67ae5c41","2019-09-03 14:25:54.179529+06","2019-08-28 02:16:48+06"
"40542","14b196f2-0fc1-4729-bc42-e52ea3496b6d","2019-09-03 14:32:43.333146+06","2019-09-03 02:07:38+06"
"40543","4ddbac49-3b4c-45d1-bfa2-5e329fc18361","2019-09-03 14:32:58.797581+06","2019-08-28 02:26:07+06"
"40544","aea77128-0457-4dcb-bd9a-6e7e0e202a42","2019-09-03 14:40:26.453131+06","2019-08-28 02:34:02+06"
"40545","c36060c5-6b3e-42e1-8513-93e4a1b5f1c9","2019-09-03 14:45:43.808138+06","2019-08-28 02:40:49+06"
"40546","70a65d5f-dddb-4863-ba2f-10cf6352e225","2019-09-03 14:52:10.653137+06","2019-08-28 02:45:57+06"
"40547","159b7ee7-9361-4b28-8adf-7d62534590a0","2019-09-03 14:52:16.556117+06","2019-09-03 02:41:26+06"
"40548","1fa6c429-2b00-4af7-8f59-09b1f50e3967","2019-09-03 14:56:02.602122+06","2019-09-04 02:44:50+06"
"40549","3ec7ce61-ea9f-44c7-8e46-80862e7d9a2b","2019-09-03 14:57:29.875241+06","2019-09-03 02:53:38+06"
"40550","31ca6db7-09f6-4c5a-8dc1-ded657ef220d","2019-09-03 14:57:38.359174+06","2019-09-03 02:25:12+06"
"40551","55f1ea98-ee7b-4f15-b09c-7423e25c5bcf","2019-09-03 15:01:40.348627+06","2019-08-28 02:52:46+06"
"40552","11e2846d-45ca-4698-a05d-04f926ea3759","2019-09-03 15:04:18.802889+06","2019-09-03 02:57:52+06"
"40553","c2db7c81-f963-43ee-b1ba-cb122b36f99a","2019-09-03 15:04:33.222605+06","2019-09-03 03:00:12+06"
"40554","9cefbadd-d222-4f8a-b87f-0b8d985f9c6d","2019-09-03 15:06:44.885087+06","2019-08-28 03:02:14+06"
"40555","ee629f94-4fd9-4cd7-8d5c-2b45a414c60c","2019-09-03 15:08:38.729353+06","2019-09-03 02:29:42+06"
"40556","84c3fe4e-4951-4de8-83e8-33d0881b89a0","2019-09-03 15:09:52.877715+06","2019-09-03 03:04:42+06"
"40557","644cc794-6571-4615-b1d1-abd3d44ee563","2019-09-03 15:13:03.8475+06","2019-09-03 03:08:14+06"
"40558","8887f5cd-c0fc-4490-9459-2736cd709c2a","2019-09-03 15:17:34.092522+06","2019-08-28 03:07:15+06"
"40559","af0592e3-90fc-42c5-b876-cb422018278f","2019-09-03 15:19:26.468778+06","2019-09-03 03:14:48+06"
"40560","08eb82aa-70bd-4f17-926d-f49f892fb035","2019-09-03 15:20:50.380931+06","2019-09-03 03:15:55+06"
"40561","e640ffb2-9981-4ee9-a130-5c4672be512b","2019-09-03 15:24:54.996911+06","2019-09-03 03:08:13+06"
"40562","236c831c-4363-40cb-b86c-6b353fdfead2","2019-09-03 15:25:12.270862+06","2019-09-03 02:33:21+06"
"40563","b8f2888a-e6fe-4e2b-923b-0e56ee5b6697","2019-09-03 15:27:57.128908+06","2019-09-03 03:10:47+06"
"40564","b9fbc395-0290-4602-8b6d-e3a5fa0d75a8","2019-09-03 15:28:03.726598+06","2019-09-03 03:14:52+06"
"40565","bafc1b13-fe6b-4840-b1f7-147325ab07c4","2019-09-03 15:43:12.848158+06","2019-09-04 12:00:00+06"
"40566","ba0637fa-b67a-47fd-aea2-4da5aaa7ea6c","2019-09-03 15:45:11.596205+06","2019-09-03 03:33:03+06"
"40567","4e8ae4ac-24f0-4894-a2fb-ba465b5154fe","2019-09-03 15:47:48.072592+06","2019-09-03 03:26:20+06"
"40568","3f3b4dd3-ad9a-40ed-9332-170361bfc736","2019-09-03 15:50:47.467388+06","2019-09-04 12:00:00+06"
"40569","6c692f5e-7ad3-487f-8729-b4661bf8d57b","2019-09-03 15:50:52.539071+06","2019-09-03 03:45:19+06"
"40570","44e979b9-db74-45b3-b214-438f9938a211","2019-09-03 15:52:06.855472+06","2019-09-03 03:48:51+06"
"40571","0d6df488-6079-4792-a152-b7dc5a29eff3","2019-09-03 15:54:00.689458+06","2019-09-03 03:51:36+06"
"40572","63a9df4a-bd3c-42d0-8e8b-b7eab4e679c8","2019-09-03 15:54:20.145057+06","2019-09-03 03:50:31+06"
"40573","790117cb-05e7-4eda-9f83-27fd8e175fa4","2019-09-03 15:55:21.294681+06","2019-09-03 03:54:20+06"
"40574","08bb7a91-f083-4dd8-87af-16eb4d76dfe4","2019-09-03 15:55:38.81832+06","2019-08-29 03:38:46+06"
"40575","6fe7c150-7a0d-4993-8883-03205ec3701b","2019-09-03 15:56:47.791169+06","2019-09-03 03:51:21+06"
"40576","305420c2-d8cc-4726-9d51-696801147053","2019-09-03 15:57:23.607877+06","2019-09-03 03:54:11+06"
"40577","685037fd-3604-4f20-8330-eb620ecf4df1","2019-09-03 15:57:48.862157+06","2019-09-03 03:34:44+06"
"40578","9d22a9d2-a8a3-40b9-a73e-14777e7a1715","2019-09-03 15:57:52.82821+06","2019-09-03 03:56:20+06"
"40579","5678622e-9d3f-4018-bd00-3f4ba3f6a196","2019-09-03 15:59:26.694071+06","2019-09-04 12:00:00+06"
"40580","45da3732-0027-415f-b7d4-fb6991254572","2019-09-03 15:59:46.928031+06","2019-09-03 03:57:34+06"
"40581","91aeed11-b413-49d0-b5e5-16bccc49707c","2019-09-03 15:59:50.771771+06","2019-09-03 03:56:37+06"
"40582","050e972b-08d5-4c10-9f0b-053f5dd0b67b","2019-09-03 16:02:30.141631+06","2019-09-03 03:59:29+06"
"40583","ad759b27-6c7a-4ea2-b017-2ea170e19a06","2019-09-03 16:02:32.859554+06","2019-09-03 03:56:55+06"
"40584","181c88e0-76bc-4712-94ff-1ef7a69adaff","2019-09-03 16:02:54.529751+06","2019-09-03 03:58:19+06"
"40585","73dab3bd-97f6-4ecb-814d-419b411006f5","2019-09-03 16:03:30.063291+06","2019-09-02 04:00:08+06"
"40586","b9a0a9bd-9e57-490f-a6bb-58096b60f1c0","2019-09-03 16:03:59.326022+06","2019-09-03 04:02:50+06"
"40587","1d370c65-fa15-4703-bd80-3101612535ae","2019-09-03 16:04:47.354547+06","2019-09-03 04:02:40+06"
"40588","6729bcb3-8eab-450d-a48e-0ba4137f7f62","2019-09-03 16:06:28.655867+06","2019-09-02 04:03:36+06"
"40589","1a908bce-202a-4250-94b9-319fa639f654","2019-09-03 16:06:32.166611+06","2019-09-03 04:02:00+06"
"40590","4fb2c783-0f4c-4368-8a95-dcfbc0f8c820","2019-09-03 16:08:56.013242+06","2019-08-29 03:57:13+06"
"40591","908d2183-4ee4-4fef-bf5c-917ef9b87efc","2019-09-03 16:13:07.331554+06","2019-08-29 04:09:12+06"
"40592","19a14c6a-9daa-44c7-8762-91287e75cd84","2019-09-03 16:13:14.27624+06","2019-09-03 04:10:56+06"
"40593","b4dbbaed-1c2d-4f71-91d3-52056feb34de","2019-09-03 16:13:29.779175+06","2019-09-03 04:06:20+06"
"40594","3eb614e8-8c50-4847-8faa-a01c3ec7bf8c","2019-09-03 16:14:57.426471+06","2019-09-04 12:00:00+06"
"40595","a271dd43-25fb-4d72-8f16-9e7c730b28a6","2019-09-03 16:15:25.671502+06","2019-09-03 04:13:52+06"
"40596","e245c662-ffbc-48b3-b69d-f32b70b9429e","2019-09-03 16:15:45.481692+06","2019-08-29 04:13:22+06"
"40597","0503bf41-9b6d-469e-b8c0-51d016a619a2","2019-09-03 16:18:27.336343+06","2019-09-03 04:14:00+06"
"40598","8a5d7ec9-0430-4fd0-bdf0-dc66eaddf13e","2019-09-03 16:20:10.987443+06","2019-08-29 04:15:57+06"
"40599","418edf7d-0cdd-4d16-984b-b1b341f99173","2019-09-03 16:22:09.506392+06","2019-09-03 04:14:15+06"
"40600","04e21770-b387-47fe-8561-7e18a105060a","2019-09-03 16:24:09.859297+06","2019-09-03 03:29:02+06"
"40601","e8434e4d-0a49-45fe-9bc9-cbb03bdcb854","2019-09-03 16:27:23.570969+06","2019-08-29 04:20:23+06"
"40602","2b4140a0-8695-468a-90e3-d798c48f852e","2019-09-03 16:29:37.338679+06","2019-09-03 04:17:31+06"
"40603","ed83ee71-601e-44ed-b448-10e0cf504149","2019-09-03 16:30:58.493212+06","2019-09-03 04:14:28+06"
"40604","32f3e1ae-0fe6-415e-8615-22a68461e837","2019-09-03 16:30:59.508559+06","2019-09-03 04:28:35+06"
"40605","8b011ad0-d0ff-45c4-b4a0-fc6935584faf","2019-09-03 16:36:22.765614+06","2019-09-03 04:31:28+06"
"40606","e66ef90e-c6e0-44d7-ab2b-e2d8c34b03a3","2019-09-03 16:38:38.242793+06","2019-09-03 04:29:07+06"
"40607","54968c19-fcd4-4e75-9093-fd64cb00421f","2019-09-03 16:38:54.593062+06","2019-09-03 04:29:13+06"
"40608","b942cf7f-2279-4105-a349-80b3763e1d5e","2019-09-03 16:40:50.374849+06","2019-08-29 04:27:38+06"
"40609","ed9d8ae0-19cb-4eba-b7d0-f3e6837cc215","2019-09-03 16:42:44.574937+06","2019-09-03 04:39:56+06"
"40610","fe66c1d0-327d-4040-b94b-62dc4d48bb23","2019-09-03 16:44:38.359219+06","2019-09-03 04:25:14+06"
"40611","192b1ce1-554d-4cd0-bdb2-895ce2e57fe7","2019-09-03 16:45:55.10603+06","2019-09-03 04:45:21+06"
"40612","815d6ac0-8844-4a92-a8c7-87252958b25a","2019-09-03 16:46:50.610698+06","2019-09-03 04:29:45+06"
"40613","5e4e4301-9651-4241-b9a6-1c04b9ded621","2019-09-03 16:47:32.173044+06","2019-09-03 04:46:31+06"
"40614","83c10d65-38f6-4337-ad16-8a2348d5a73d","2019-09-03 16:50:05.877447+06","2019-09-03 04:47:53+06"
"40615","b6683a98-3ef9-4681-bace-f4cff04f3329","2019-09-03 16:50:10.400687+06","2019-09-03 04:48:48+06"
"40616","26ac6576-b679-4e43-a75c-a385eb1f4296","2019-09-03 16:50:44.717029+06","2019-09-03 04:50:10+06"
"40617","a9505d9f-a060-4630-9c75-ecc51584355f","2019-09-03 16:52:07.120035+06","2019-09-03 04:42:43+06"
"40618","d6694434-c5c2-4243-8ee5-ae4e21f88828","2019-09-03 16:53:27.464589+06","2019-09-03 04:51:31+06"
"40619","5e1e3b6b-7f3f-47a1-b7a3-be790f706990","2019-09-03 17:00:50.78644+06","2019-09-03 04:53:59+06"
"40620","ca541214-bf04-4290-b079-0c07167150c0","2019-09-03 17:03:19.686325+06","2019-09-03 04:50:47+06"
"40621","986db9c4-43ac-4a96-93b6-649a67d49627","2019-09-03 17:11:00.085544+06","2019-09-03 05:08:10+06"
"40622","4db31451-c49b-46fe-b2a3-39c58a4de184","2019-09-03 17:12:29.652163+06","2019-09-03 05:00:54+06"
"40623","34e8ca2c-fa63-4381-8e93-b3add6b96208","2019-09-03 17:15:02.299447+06","2019-09-03 05:10:31+06"
"40624","0c82f76c-9fa8-426f-8acb-65567254b47f","2019-09-03 17:15:05.154355+06","2019-09-03 05:11:22+06"
"40625","391d9e32-fd2f-4e3b-829b-d9b3eba470fb","2019-09-03 17:16:39.611647+06","2019-09-03 04:50:19+06"
"40626","80f2df8b-717f-4029-a145-5cf609627bf6","2019-09-03 17:16:44.840211+06","2019-09-03 05:15:26+06"
"40627","b806862e-7a3c-4e3a-887d-4c15de99a357","2019-09-03 17:19:00.910162+06","2019-09-03 05:17:25+06"
"40628","5f57d378-572f-4e79-82a0-d5cd291af588","2019-09-03 17:19:16.198472+06","2019-09-03 05:16:55+06"
"40629","52a8227c-4c4f-438d-aabb-7facc5be4598","2019-09-03 17:19:16.394758+06","2019-09-03 05:12:52+06"
"40630","172194cd-b8a7-4e06-b4f0-424636703cb1","2019-09-03 17:23:36.649456+06","2019-09-03 05:20:11+06"
"40631","0d3c4d61-f8a0-4305-8eba-f1722e8f5bcd","2019-09-03 17:23:49.930146+06","2019-09-03 05:21:51+06"
"40632","e73fcd73-8fcb-431a-a38b-927e5c147555","2019-09-03 17:25:10.381727+06","2019-09-03 05:19:45+06"
"40633","a5608dfc-81de-48c2-9c40-34ccf9541b77","2019-09-03 17:25:52.759372+06","2019-09-03 05:06:23+06"
"40634","8a1ddb8f-b779-4dd1-af6b-f6be9c3cf2b8","2019-09-03 17:26:25.806535+06","2019-09-03 05:23:58+06"
"40635","61e5c65f-de09-45b4-af0d-5ef438997655","2019-09-03 17:27:31.622538+06","2019-09-03 05:09:08+06"
"40636","77a226ce-c546-4fe7-862b-d062525d876e","2019-09-03 17:28:08.06102+06","2019-09-03 05:25:41+06"
"40637","a1077bc7-ea7a-41ef-be29-997d1cb10f4a","2019-09-03 17:28:12.812043+06","2019-09-03 05:26:43+06"
"40638","3dd2a3bb-4b36-4393-a508-8f823f2f3ff7","2019-09-03 17:29:22.365908+06","2019-08-29 04:41:08+06"
"40639","955ce23f-753c-42f8-a9f6-e84398736a89","2019-09-03 17:30:49.238993+06","2019-09-03 05:29:40+06"
"40640","f8576c5e-5cae-4b4d-bb15-a452cf794366","2019-09-03 17:31:08.937577+06","2019-09-03 04:58:49+06"
"40641","61ea6987-ce24-4914-92ae-bde7ce578f36","2019-09-03 17:31:24.800868+06","2019-09-03 05:13:42+06"
"40642","ee490f43-8584-4d27-8b57-237bab53cbb5","2019-09-03 17:32:01.705768+06","2019-09-03 05:27:56+06"
"40643","e6a96374-3df5-40e4-a6f2-dc748729c7cd","2019-09-03 17:34:35.6474+06","2019-09-03 05:33:39+06"
"40644","544970c8-0a18-43f9-adf3-c63d3bb939af","2019-09-03 17:36:15.847441+06","2019-09-03 05:25:48+06"
"40645","68eaeab6-5f01-49ac-bc93-700054e8dd7c","2019-09-03 17:41:08.661363+06","2019-09-03 05:26:44+06"
"40646","5428d86a-15e9-4c4d-b37c-c27bd5aab0cd","2019-09-03 17:42:56.047489+06","2019-09-03 05:32:39+06"
"40647","3f41af17-9d4d-4096-8530-1f303a899ba2","2019-09-03 17:47:20.017443+06","2019-09-03 05:43:24+06"
"40648","0dc2e206-a6cb-458a-83a7-1a336ee337d8","2019-09-03 17:49:22.408775+06","2019-09-03 05:41:34+06"
"40649","0b4e8fb9-78da-4f17-a5ae-b1fd4ad4936f","2019-09-03 17:49:39.368868+06","2019-08-29 05:30:49+06"
"40650","c814c89a-c744-49fb-8d60-19ec8f94f534","2019-09-03 17:50:21.922474+06","2019-09-03 05:40:03+06"
"40651","6479ab27-c267-429d-ab4a-8423db247057","2019-09-03 17:51:31.977048+06","2019-09-03 05:48:40+06"
"40652","661ea085-94aa-460d-949f-6ded6a91dda3","2019-09-03 17:52:31.317485+06","2019-09-03 05:51:20+06"
"40653","bfed98f3-ae9a-4829-871b-6df70556cbf5","2019-09-03 17:55:55.681547+06","2019-09-03 05:47:32+06"
"40654","84bfc9da-3935-430e-b94e-e0cdbecf97d0","2019-09-03 17:57:48.968099+06","2019-09-03 05:39:05+06"
"40655","0078d2c2-067e-4c79-9b23-afdbdb14a895","2019-09-03 17:57:56.707513+06","2019-09-03 05:55:55+06"
"40656","52b13843-1b3b-4824-beac-1742c8ebed60","2019-09-03 17:58:08.478602+06","2019-09-03 05:57:30+06"
"40657","ef9bb4e7-e059-4479-aaea-bf82f3d88857","2019-09-03 17:59:05.053969+06","2019-09-03 05:41:09+06"
"40658","190fa6e3-1153-48b4-82a4-bf0251db4473","2019-09-03 17:59:13.007189+06","2019-08-29 05:50:16+06"
"40659","13bdd9e2-28ff-42cf-8a38-2200af160ca8","2019-09-03 18:02:57.040651+06","2019-09-03 05:57:46+06"
"40660","df5dc2e8-a687-4ca2-8d9b-352f3eb0f98c","2019-09-03 18:03:24.053353+06","2019-09-03 05:59:11+06"
"40661","5369e06b-7112-462f-ba8d-7322aaeb2c74","2019-09-03 18:04:00.067444+06","2019-09-03 05:55:54+06"
"40662","cc14974e-8a35-4343-920b-2ae5448be1ca","2019-09-03 18:04:34.91021+06","2019-08-29 05:59:35+06"
"40663","f6c7d975-71f7-4c17-a5cb-83f2bc5febd4","2019-09-03 18:04:45.145058+06","2019-09-03 06:03:06+06"
"40664","b94d7727-4a45-485d-b7fe-ea6a8de4a600","2019-09-03 18:05:20.035238+06","2019-09-03 05:34:03+06"
"40665","3a7f25c2-c40b-4b3e-9b0d-78212f36658e","2019-09-03 18:06:22.704459+06","2019-09-03 06:05:52+06"
"40666","3ebb6235-aadc-4f27-81c0-4e4db2b4f156","2019-09-03 18:09:26.186155+06","2019-09-03 06:03:57+06"
"40667","5e14f367-4a73-4fcc-9b39-2a5fea0610a8","2019-09-03 18:09:34.592869+06","2019-09-03 05:59:46+06"
"40668","261d1c02-1eb9-4956-a910-f428c92c4743","2019-09-03 18:11:06.592067+06","2019-09-03 06:09:15+06"
"40669","123af4c6-041c-4796-9a81-fbb8d3c2dbf6","2019-09-03 18:11:36.891037+06","2019-09-03 06:05:22+06"
"40670","a5d05bd8-558b-47ea-85ec-cb22ade5614a","2019-09-03 18:12:23.205881+06","2019-09-03 06:11:30+06"
"40671","88e3b22c-4a0c-44ee-9ab8-ed2a6d2bbb9f","2019-09-03 18:12:30.306683+06","2019-09-03 06:10:03+06"
"40672","c485728f-4df4-4908-b939-4e2b379e57ae","2019-09-03 18:13:01.802058+06","2019-09-03 06:12:26+06"
"40673","64d3ff62-6cf6-4660-861d-c9c8c05b045a","2019-09-03 18:14:24.283241+06","2019-08-29 06:06:21+06"
"40674","73d07a9c-714a-4425-8e0b-b66b9927b430","2019-09-03 18:14:34.64281+06","2019-09-03 06:13:55+06"
"40675","e1c10233-287c-42c5-9a07-5d627ad54fca","2019-09-03 18:17:25.283605+06","2019-09-03 06:16:50+06"
"40676","9e70f569-eeea-43c8-9002-dad0b3e4c214","2019-09-03 18:17:56.525651+06","2019-09-03 06:12:41+06"
"40677","1f5388f2-6d8e-45c0-bcd2-18fa50b11e3b","2019-09-03 18:21:06.955435+06","2019-09-03 06:19:09+06"
"40678","f9a111a6-f167-49cb-88d0-e124a59cba94","2019-09-03 18:21:41.638516+06","2019-09-03 06:14:43+06"
"40679","463bfcb1-1bef-4991-ac5e-f29368dabc73","2019-09-03 18:21:45.362571+06","2019-09-03 06:09:33+06"
"40680","1aab5c6a-c2d8-4357-ac3a-22171946b3eb","2019-09-03 18:22:15.195903+06","2019-08-29 06:14:38+06"
"40681","fdc47d15-7f9e-40b8-839a-1a3a1df59e6f","2019-09-03 18:31:28.556062+06","2019-09-03 06:23:34+06"
"40682","e2f164e8-d863-45fc-bab6-23a83155b583","2019-09-03 18:32:56.220434+06","2019-09-03 06:21:03+06"
"40683","bc6e8c51-37bc-436c-b806-d218024d7bbe","2019-09-03 18:33:29.144053+06","2019-09-03 06:25:35+06"
"40684","5ee036dc-f6a4-485c-8015-b3d10a91462c","2019-09-03 18:33:53.078639+06","2019-09-03 06:32:02+06"
"40685","4bddd452-8c11-482a-bd2d-26db0b05a915","2019-09-03 18:38:13.80342+06","2019-09-03 06:34:22+06"
"40686","903b3bc8-355d-4004-a2a0-527d7802a4c4","2019-09-03 18:39:28.033128+06","2019-09-03 06:32:34+06"
"40687","35016433-8fd8-4b19-b058-da88238e5cb4","2019-09-03 18:39:40.126095+06","2019-09-03 06:38:53+06"
"40688","b6d6114d-400b-4b6a-ae4d-8fdc93422aa7","2019-09-03 18:40:08.334181+06","2019-09-03 06:34:27+06"
"40689","86959944-14b6-4ecd-bbc8-711157e30394","2019-09-03 18:42:10.210661+06","2019-09-03 06:40:16+06"
"40690","73095540-866b-4f5f-97e7-f977c36546d8","2019-09-03 18:45:13.520682+06","2019-09-03 06:44:07+06"
"40691","ddf04ee2-d2ad-4a45-b292-e9487119fc01","2019-09-03 18:46:16.230754+06","2019-09-03 06:40:26+06"
"40692","1742b5c7-a3f9-45b9-812e-34d0881dba1e","2019-09-03 18:48:33.58532+06","2019-09-03 06:46:12+06"
"40693","d161c958-560b-471f-9c55-71b30a94b37a","2019-09-03 18:49:41.613852+06","2019-09-03 06:04:54+06"
"40694","388240fa-7763-432c-bbc8-57a7255f75d7","2019-09-03 18:55:26.52425+06","2019-09-03 06:46:47+06"
"40695","fcf94867-96d2-497a-a25d-ab7782f58678","2019-09-03 18:55:45.883517+06","2019-09-03 06:49:50+06"
"40696","b34a6ece-36e1-471d-a34e-0310a7445998","2019-09-03 18:56:03.112527+06","2019-09-03 06:35:14+06"
"40697","915e029f-f8f5-4c0f-8318-3ebcccf8001c","2019-09-03 18:56:04.318395+06","2019-09-03 06:49:21+06"
"40698","85947bf6-3e11-46f0-8ab0-5c8c75c6a4e9","2019-09-03 19:02:24.674053+06","2019-09-03 06:56:14+06"
"40699","777229e9-d77e-4884-a428-3df5002feb9b","2019-09-03 19:03:20.451809+06","2019-09-03 07:01:09+06"
"40700","614c4de1-7777-478c-8b7a-fa4199f38847","2019-09-03 19:04:47.268765+06","2019-09-03 06:58:24+06"
"40701","4cbed3f5-97ac-4f6c-a290-7ef9e3ca5efe","2019-09-03 19:04:55.012911+06","2019-09-03 06:47:10+06"
"40702","3dd82267-4977-4bf6-a001-3e7790b8f8d7","2019-09-03 19:05:17.79219+06","2019-09-03 07:03:26+06"
"40703","dda9a171-8ab6-4e34-85ca-7e3be5a6002a","2019-09-03 19:05:43.870492+06","2019-09-03 06:56:46+06"
"40704","602ae7fa-394f-4e28-8c16-6e09602b2063","2019-09-03 19:07:19.774262+06","2019-09-03 06:45:02+06"
"40705","54908061-e0dd-4298-8818-caabd7907748","2019-09-03 19:10:06.589502+06","2019-09-03 07:05:47+06"
"40706","9c79c666-eb47-4b14-88fb-42080f481e42","2019-09-03 19:13:48.872715+06","2019-09-03 06:46:21+06"
"40707","dc487c32-4a99-4da3-bc49-d76e2ed67158","2019-09-03 19:13:50.5308+06","2019-09-03 06:58:24+06"
"40708","9b6e489a-fa2f-4508-ac51-c0dafd8bfc50","2019-09-03 19:21:28.710716+06","2019-09-03 07:13:28+06"
"40709","28314d17-7c3e-4819-9ce8-17e4968b5546","2019-09-03 19:27:09.060364+06","2019-09-03 07:07:25+06"
"40710","0718a19b-511f-4fd2-968d-cde0659f5d5a","2019-09-03 19:30:57.204967+06","2019-09-03 07:24:18+06"
"40711","dff93995-b1a4-462c-8f9c-9dc97fde87ac","2019-09-03 19:31:11.651796+06","2019-08-29 07:07:51+06"
"40712","1bfb7a44-f54c-4cb5-9155-2ba9c5bcd0b1","2019-09-03 19:37:55.528554+06","2019-09-03 07:06:37+06"
"40713","580e6608-c147-4afc-ab22-26f524ac30d3","2019-09-03 19:40:25.273375+06","2019-09-03 07:28:54+06"
"40714","676fc9d1-540e-4603-bb9d-bac25d854857","2019-09-03 19:42:06.288116+06","2019-09-03 07:38:36+06"
"40715","2831c68d-8564-4309-967d-26ad171e539f","2019-09-03 19:51:19.424055+06","2019-09-03 07:31:42+06"
"40716","43b9cef3-85c2-4531-9bc5-a3b602578c67","2019-09-03 19:54:14.042238+06","2019-09-03 07:40:57+06"
"40717","5b9cfd0f-3ad8-4ea9-88bb-cd3ceef779bc","2019-09-03 19:57:11.754042+06","2019-09-03 07:54:48+06"
"40718","35cfee4b-6b97-4b1e-81dd-8cfd1a8bac48","2019-09-03 19:58:18.960574+06","2019-09-03 07:43:56+06"
"40719","ab1da3a9-34b0-495a-bb14-895d3c235ed4","2019-09-03 19:59:07.400231+06","2019-09-03 07:46:28+06"
"40720","b6fb706d-f498-4de0-ba02-a6668dae9d42","2019-09-03 19:59:51.249853+06","2019-09-03 07:59:25+06"
"40721","fa3524a4-f838-4f80-8067-840b4dc6570c","2019-09-03 20:07:05.378091+06","2019-09-03 08:02:32+06"
"40722","270f705c-9b66-4648-a2bf-914827b1f50b","2019-09-03 20:08:45.689758+06","2019-09-03 06:34:00+06"
"40723","3a1e4391-59fd-4740-bc62-11edefabe644","2019-09-03 20:11:17.212932+06","2019-09-03 08:07:42+06"
"40724","a18f40ba-0446-4215-b3b8-db19e434d663","2019-09-03 20:12:16.068089+06","2019-09-03 08:10:06+06"
"40725","71878adb-6589-40a9-b6c9-f0128ca98b09","2019-09-03 20:13:13.271737+06","2019-09-03 08:09:03+06"
"40726","3dbd5fd1-3a27-479e-ac7f-d9db0fc4474f","2019-09-03 20:14:06.027731+06","2019-09-03 08:12:17+06"
"40727","d84c565a-8c64-4454-bf7f-a01a09d60f7b","2019-09-03 20:15:22.427105+06","2019-09-03 08:14:25+06"
"40728","0a6e04cd-4f10-462c-97f9-f46d002b1db8","2019-09-03 20:17:03.779109+06","2019-09-03 08:16:05+06"
"40729","e01ba87d-34be-4c11-bad5-c5fa05d8384e","2019-09-03 20:20:26.184123+06","2019-09-03 08:17:39+06"
"40730","11d460d7-8548-439c-b5f2-3bb9d8d7a7aa","2019-09-03 20:22:14.60876+06","2019-09-03 08:20:30+06"
"40731","02125e79-11ff-4262-9802-c283e156af5d","2019-09-03 20:22:46.998227+06","2019-09-03 08:14:15+06"
"40732","a66b2ff6-b3e9-47ed-8475-86beddb100a6","2019-09-03 20:28:00.155066+06","2019-09-03 07:59:03+06"
"40733","f662306c-76ba-4010-993b-bfcd3c5507dd","2019-09-03 20:34:20.324765+06","2019-09-03 08:13:10+06"
"40734","7b0f18b5-94d0-43c7-9601-cdc67604a96d","2019-09-03 20:40:10.774683+06","2019-09-03 08:22:32+06"
"40735","18794933-d341-4210-900e-e842d1865590","2019-09-03 20:47:55.411797+06","2019-09-03 08:31:11+06"
"40736","e801ef9a-5407-4815-a912-ed877920284c","2019-09-03 20:50:56.937485+06","2019-09-03 08:11:44+06"
"40737","be156019-241f-4029-a366-1c17dba6b3a9","2019-09-03 20:59:59.869016+06","2019-09-03 08:56:55+06"
"40738","a5578407-1d72-42e5-a591-10999fa62e59","2019-09-03 21:03:44.698773+06","2019-09-03 08:31:37+06"
"40739","db82b21f-14bf-48ac-ad7c-c0e689e66e74","2019-09-03 21:05:14.234815+06","2019-09-03 08:43:45+06"
"40740","6d61a751-9202-4d2b-ae2c-f8c017daaf99","2019-09-03 21:05:59.70996+06","2019-09-03 09:00:55+06"
"40741","d1b24cc0-e5d9-4bad-bde9-ef5ec789ae01","2019-09-03 21:09:31.824034+06","2019-09-03 09:06:26+06"
"40742","6631a1bb-f468-4844-8811-3b02412246f6","2019-09-03 21:15:16.287079+06","2019-09-03 09:09:36+06"
"40743","db1ceecc-42c5-45ee-8f87-619af4ff9837","2019-09-03 21:20:59.539638+06","2019-09-03 09:06:47+06"
"40744","9a2d93d6-aa7b-488a-8f46-e2a38b6a61e8","2019-09-03 21:23:39.173018+06","2019-09-03 09:22:38+06"
"40745","88f0f66c-2d56-4782-ae09-dc4d99bd00fe","2019-09-03 21:26:22.767135+06","2019-09-03 09:25:25+06"
"40746","27a1397f-f75c-4814-be5b-5b2f66fe270d","2019-09-03 21:27:18.466124+06","2019-09-03 09:16:08+06"
"40747","600b7455-5fb8-4519-b2c9-2c2a85a5a266","2019-09-03 21:41:50.147592+06","2019-09-03 09:29:15+06"
"40748","59ccc984-335a-4119-8e97-4e45a5f8ed94","2019-09-03 21:46:05.173863+06","2019-09-03 09:30:20+06"
"40749","36de77cf-83f4-4480-8c70-92a7f0589ab5","2019-09-03 21:46:54.603786+06","2019-09-03 09:46:09+06"
"40750","55692acd-3668-40f1-9d31-0e6085bacb7f","2019-09-03 21:49:15.387533+06","2019-09-03 09:44:02+06"
"40751","4f710daf-2a3a-4c24-a730-19d6262f2bd3","2019-09-03 21:52:47.812281+06","2019-09-03 09:51:08+06"
"40752","c111f455-bc47-49ee-a307-098cee003948","2019-09-03 21:58:22.611647+06","2019-09-03 09:21:49+06"
"40753","10892d18-f35d-4ad0-b4b3-e72b29a557d7","2019-09-03 22:03:16.958651+06","2019-09-03 09:50:08+06"
"40754","f2576e23-494f-4d67-9331-231c37afa678","2019-09-03 22:06:34.184999+06","2019-09-03 09:46:54+06"
"40755","cc1fad72-3f6b-4742-a763-fcbc9b148e75","2019-09-03 22:09:54.629179+06","2019-09-03 10:09:11+06"
"40756","3ea6ba7e-3451-4d91-86be-b316543282a1","2019-09-03 22:18:41.029804+06","2019-09-03 08:30:22+06"
"40757","bd2529cd-deb1-4ce5-b6c4-819ba0edbbcc","2019-09-03 22:20:03.660151+06","2019-09-03 10:14:52+06"
"40758","cbc0d73f-dd82-4275-a51e-2d0aa90682bf","2019-09-03 22:22:13.176448+06","2019-09-03 10:17:39+06"
"40759","12875953-355d-4308-9151-c74181dcf050","2019-09-03 22:23:45.767895+06","2019-09-03 10:15:43+06"
"40760","ab1f2480-8a08-47b6-aa5b-4fff21b233c9","2019-09-03 22:25:21.528085+06","2019-09-03 10:23:26+06"
"40761","45f41dcd-7f19-48ba-90fa-96ca2244e870","2019-09-03 22:26:15.080056+06","2019-09-03 10:14:16+06"
"40762","70ca749a-19a1-4d29-bb99-03cac86a4dea","2019-09-03 22:27:31.639007+06","2019-09-03 10:25:33+06"
"40763","c45a9097-8049-4949-82f5-3d6e00843ec9","2019-09-03 22:27:41.724725+06","2019-09-03 10:20:43+06"
"40764","cf15a54e-44c0-4d43-8687-18f31b522557","2019-09-03 22:29:24.168454+06","2019-09-03 10:27:59+06"
"40765","cc032f07-19a6-4821-b759-26c79a13e0a9","2019-09-03 22:32:48.211039+06","2019-09-03 10:21:08+06"
"40766","9204c69e-c758-4b30-953a-bd05b48fb644","2019-09-03 22:37:19.331212+06","2019-09-03 10:36:06+06"
"40767","8043fd1d-65df-4dcc-b0aa-f56022687b72","2019-09-03 22:37:48.350284+06","2019-09-03 10:27:16+06"
"40768","415ca059-ed68-4fdb-97d9-2dcae659164a","2019-09-03 22:41:57.303707+06","2019-09-02 10:39:48+06"
"40769","9f02156b-55c9-4cfb-a117-b397b3452405","2019-09-03 22:48:38.879083+06","2019-09-03 10:39:06+06"
"40770","aa17aaf1-1908-44b2-825c-5ce45f7f0d21","2019-09-03 22:52:29.527218+06","2019-09-03 10:33:10+06"
"40771","d8eeda2c-5199-4b3e-928f-f555d8e4c3fd","2019-09-03 22:53:56.086789+06","2019-09-03 10:48:08+06"
"40772","51de91cd-efaf-43fa-a805-fca63758d252","2019-09-03 22:57:26.102266+06","2019-09-03 10:49:04+06"
"40773","6a24ed27-ba3d-423b-8039-99ca69d7cd42","2019-09-03 23:00:01.649309+06","2019-09-03 10:27:46+06"
"40774","95930788-15ed-491a-b67c-396303e63bc9","2019-09-03 23:00:06.661759+06","2019-09-03 10:54:43+06"
"40775","f64917db-607f-4e76-b190-95a08729a324","2019-09-03 23:06:01.877318+06","2019-09-03 10:57:41+06"
"40776","ba15d277-b5b2-49a1-b4b5-2e6c34212f17","2019-09-03 23:08:18.781624+06","2019-09-03 10:38:13+06"
"40777","b9d1ce67-7729-462b-b190-bed62aaa30ea","2019-09-03 23:09:30.450562+06","2019-09-03 11:03:24+06"
"40778","cce08656-1fcb-45ca-92cd-90e70dae93a9","2019-09-03 23:13:51.938329+06","2019-09-03 11:11:12+06"
"40779","dc6982fe-ecb0-4ac3-9d0d-8823689ff397","2019-09-03 23:13:59.441053+06","2019-09-03 11:06:22+06"
"40780","1bb616e9-0999-410f-afc8-5ab49a1a9a45","2019-09-03 23:17:07.057692+06","2019-09-03 11:09:07+06"
"40781","9b567325-b15a-48ea-b08c-3444cd5c82c4","2019-09-03 23:23:45.723549+06","2019-09-03 11:15:43+06"
"40782","a41bca1e-a5ca-48fc-86f9-e4b299ea3c8d","2019-09-03 23:29:10.640543+06","2019-09-03 11:22:59+06"
"40783","2b1d5e71-2994-4717-9acc-beda4cb02a52","2019-09-03 23:30:31.08315+06","2019-09-03 11:24:47+06"
"40784","3997e7ce-ff6b-4dc2-9e59-c1f708b65462","2019-09-03 23:36:30.966493+06","2019-09-03 11:15:13+06"
"40785","1c26fe8d-70b7-4ff7-a20e-3da2b68988ce","2019-09-03 23:37:06.35963+06","2019-09-03 11:31:13+06"
"40786","26d93a1f-0e76-4e81-8b1b-c7836c393932","2019-09-03 23:41:43.432839+06","2019-09-03 11:29:38+06"
"40787","f499cd5d-5aeb-4cd7-80bd-54cef4a50db7","2019-09-03 23:43:54.946181+06","2019-09-03 11:38:11+06"
"40788","30381a3c-e651-4beb-aedb-99f8fea0acb1","2019-09-03 23:48:15.362337+06","2019-09-03 11:42:12+06"
"40789","d9fb3666-f4ec-470a-a2cd-daa917166ac0","2019-09-03 23:49:44.868795+06","2019-09-03 11:44:04+06"
"40790","2f5a802c-e69c-4c70-94bd-845b8603138c","2019-09-03 23:50:27.438932+06","2019-09-03 11:36:14+06"
"40791","a62ebfd3-f7de-4778-ba24-061e3c8a80f4","2019-09-03 23:55:49.668856+06","2019-09-03 11:48:31+06"
"40792","bfeaeb83-b9c2-4cc9-9b68-c43380a16c84","2019-09-03 23:57:08.858738+06","2019-09-03 11:50:12+06"
